{
  "nodes": {
    "lookup": {
      "variant_0": {
        "inputs": {
          "index_type": [
            {
              "value": "Azure AI Search"
            }
          ],
          "acs_content_field": [
            {
              "display_value": "chunk",
              "value": "chunk"
            }
          ],
          "acs_embedding_field": [
            {
              "display_value": "text_vector",
              "value": "text_vector"
            }
          ],
          "acs_index_name": [
            {
              "display_value": "vector-roles-data",
              "value": "vector-roles-data"
            }
          ],
          "acs_metadata_field": [
            {
              "display_value": "title",
              "value": "title"
            }
          ],
          "embedding_type": [
            {
              "displayValue": "Azure OpenAI",
              "value": "Azure OpenAI"
            }
          ],
          "embedding_deployment": [
            {
              "display_value": "text-embedding-3-small",
              "value": "text-embedding-3-small"
            }
          ],
          "embedding_model": [],
          "mlindex_asset_id": [],
          "pinecone_index_connection": [],
          "pinecone_index_name": [],
          "semantic_configuration": [
            {
              "value": "vector-roles-data-semantic-configuration"
            }
          ],
          "query_type": [
            {
              "display_value": "Hybrid (vector + keyword)",
              "value": "Hybrid (vector + keyword)"
            }
          ]
        },
        "inputsValue": {
          "index_type": "Azure AI Search",
          "acs_index_connection": "AzureAISearch",
          "acs_content_field": "chunk",
          "acs_embedding_field": "text_vector",
          "acs_index_name": "vector-roles-data",
          "acs_metadata_field": "title",
          "embedding_type": "Azure OpenAI",
          "aoai_embedding_connection": "experimental",
          "embedding_deployment": "text-embedding-3-small",
          "semantic_configuration": "vector-roles-data-semantic-configuration"
        }
      }
    },
    "generate_prompt_context": {
      "variant_0": {
        "inputs": {},
        "inputsValue": {}
      }
    },
    "Permission_Prompt": {
      "variant_0": {
        "inputs": {},
        "inputsValue": {}
      }
    },
    "permissions_llm": {
      "variant_0": {
        "inputs": {},
        "inputsValue": {}
      }
    },
    "parse_permissions": {
      "variant_0": {
        "inputs": {},
        "inputsValue": {}
      }
    },
    "Roles_Prompt": {
      "variant_0": {
        "inputs": {},
        "inputsValue": {}
      }
    },
    "roles_llm": {
      "variant_0": {
        "inputs": {},
        "inputsValue": {}
      }
    }
  }
}