{
  "orientation": "Vertical",
  "nodeLayouts": {
    "inputs": {
      "x": 67.5,
      "y": 62,
      "index": -1
    },
    "outputs": {
      "x": 67.5,
      "y": 942,
      "index": -1
    },
    "lookup": {
      "x": 123,
      "y": 172,
      "height": 75,
      "index": 0
    },
    "generate_prompt_context": {
      "x": 123,
      "y": 282,
      "height": 75,
      "index": 1
    },
    "Permission_Prompt": {
      "x": 12,
      "y": 392,
      "height": 75,
      "index": 2
    },
    "permissions_llm": {
      "x": 12,
      "y": 502,
      "height": 75,
      "index": 3
    },
    "parse_permissions": {
      "x": 12,
      "y": 612,
      "height": 75,
      "index": 4
    },
    "Roles_Prompt": {
      "x": 67.5,
      "y": 722,
      "height": 75,
      "index": 5
    },
    "roles_llm": {
      "x": 67.5,
      "y": 832,
      "height": 75,
      "index": 6
    }
  },
  "viewport": {
    "transformMatrix": [
      1,
      0,
      0,
      1,
      154.52499389648438,
      129.9433962264151
    ]
  }
}